"","year","Mean","Max","Min","Median","Std","Variance","handle"
"1",2015,0.431203407880724,5.35,-4.05,0.5,1.13403243944771,1.28602957371972,"clinton"
"2",2016,0.249540757749713,4.4,-3.9,0.25,1.13443051185094,1.28693258621838,"clinton"
"3",2015,0.412554585152838,4.7,-4.95,0.5,1.19997980242913,1.43995152623785,"trump"
"4",2016,0.170317670416942,5.3,-4.5,0.3,1.32165264984157,1.74676572683324,"trump"
